{
	"type": "GenericCrafter",
	"name": "Reinforced concrete mixer",
	"description": "create reinforced concrete using only sand, copper and water!",
	"itemCapacity": 10,
	"outputItem": {"item": "reenforced-concrete", "amount": 1},
	"size": 3,
	"hasPower": true,
	"hasItems": true,
	"craftTime": 180,
	"health": 100,
	"craftEffect": "smeltsmoke",
	"consumes": {
		"power": 0.75,
		"items": {
			"items": [
				{ "item": "sand", "amount": 5 },
				{ "item": "copper", "amount": 1 }
			]
		}, 
     "liquid": {
          "liquid": "water", "amount": 0.25
      }
	},
	"requirements": [
		{ "item": "copper", "amount": 35 },
		{ "item": "lead", "amount": 30 },
		{ "item": "graphite", "amount": 15 }
	],
	"category": "crafting",
	"research": "concrete-mixer",
	"idleSound": "respawning",
	"idleSoundVolume": 0.5
}
